<?xml version="1.0" encoding="UTF-8"?>
<project-private xmlns="http://www.netbeans.org/ns/project-private/1">
    <editor-bookmarks xmlns="http://www.netbeans.org/ns/editor-bookmarks/2" lastBookmarkId="0"/>
    <open-files xmlns="http://www.netbeans.org/ns/projectui-open-files/2">
        <group>
            <file>file:/C:/Users/cn/Documents/NetBeansProjects/GUI/src/gui/GUI.java</file>
            <file>jar:file:/C:/Users/cn/Documents/NetBeansProjects/GUI/store/MyJar.jar!/META-INF/MANIFEST.MF</file>
            <file>file:/C:/Users/cn/Documents/NetBeansProjects/GUI/build.xml</file>
            <file>file:/C:/Users/cn/Documents/NetBeansProjects/GUI/src/gui/MyMatrix.java</file>
        </group>
    </open-files>
</project-private>
